node1,node2,startYear,endYear,start_av_streak_width_Pan77,end_av_streak_width_Pan77,start_chlorotic_area_Pan77,end_chlorotic_area_Pan77,start_deviation_from_rectangle_Pan77,end_deviation_from_rectangle_Pan77,start_stunting_Pan77,end_stunting_Pan77,start_yellowness_Pan77,end_yellowness_Pan77,start_whitness_Pan77,end_whitness_Pan77,start_av_streak_width_SC,end_av_streak_width_SC,start_chlorotic_area_SC,end_chlorotic_area_SC,start_deviation_from_rectangle_SC,end_deviation_from_rectangle_SC,start_stunting_SC,end_stunting_SC,start_yellowness_SC,end_yellowness_SC,start_whitness_SC,end_whitness_SC,start_av_streak_width_GB,end_av_streak_width_GB,start_chlorotic_area_GB,end_chlorotic_area_GB,start_deviation_from_rectangle_GB,end_deviation_from_rectangle_GB,start_stunting_GB,end_stunting_GB,start_yellowness_GB,end_yellowness_GB,start_whitness_GB,end_whitness_GB
62,63,1894.05095,1981.06097,0.0376942602414771,0.0405696031658727,28.0640413114244,25.360870623143,1.71771689945863,1.66031938794797,0.532857180960701,0.747054256943299,0.609671465913235,0.620991409476291,0.593148744796835,0.601057982492535,0.0407119738565602,0.0404635624004258,56.5399478850706,47.6213556435082,1.7788562901061,1.78653135100786,0.423388183075142,0.51656420066288,0.605159776707789,0.596981411728741,0.604942599039909,0.560953308130998,0.0580480547043697,0.057489063377511,50.5923405431158,41.708532578061,2.4802037893486,2.54879153206325,0.344358103253676,0.174896033511454,0.617794486553873,0.610608158408665,0.602768440246862,0.60414038565655
63,4,1981.06097,1995,0.0405696031658727,0.0323983486351239,25.360870623143,31.6246061378804,1.66031938794797,1.41696732063511,0.747054256943299,0.787576363822461,0.620991409476291,0.615684302522305,0.601057982492535,0.584668243036994,0.0404635624004258,0.0369092080149934,47.6213556435082,31.8639330007285,1.78653135100786,1.69328766076468,0.51656420066288,0.39399201981748,0.596981411728741,0.597709490851363,0.560953308130998,0.542290047783842,0.057489063377511,0.0505704409314549,41.708532578061,50.591121556204,2.54879153206325,2.33724606126121,0.174896033511454,0.150375632999883,0.610608158408665,0.607993444662622,0.60414038565655,0.604144657436235
63,64,1981.06097,1988.3967,0.0405696031658727,0.0408144658744999,25.360870623143,25.3631975451646,1.66031938794797,1.68632382083918,0.747054256943299,0.739600943888933,0.620991409476291,0.609611523328927,0.601057982492535,0.600847736654598,0.0404635624004258,0.0396327417840729,47.6213556435082,50.5819754758474,1.78653135100786,1.76998687454101,0.51656420066288,0.53119552574142,0.596981411728741,0.587580339168983,0.560953308130998,0.555722107445648,0.057489063377511,0.0527959569464374,41.708532578061,42.1211082117141,2.54879153206325,2.65163681471285,0.174896033511454,0.193780846475765,0.610608158408665,0.612938926022784,0.60414038565655,0.604305700368203
64,3,1988.3967,1997,0.0408144658744999,0.0411749760589199,25.3631975451646,16.0306850136011,1.68632382083918,1.92067556230477,0.739600943888933,0.768660325845336,0.609611523328927,0.605350294065264,0.600847736654598,0.592404726204954,0.0396327417840729,0.031335849040483,50.5819754758474,16.4954710623817,1.76998687454101,2.19827202532643,0.53119552574142,0.542179840955387,0.587580339168983,0.615907138024751,0.555722107445648,0.619633344131634,0.0527959569464374,0.0418788644591742,42.1211082117141,32.7071791792677,2.65163681471285,3.22908790857449,0.193780846475765,0.403394382138586,0.612938926022784,0.61910941896011,0.604305700368203,0.616584787538286
64,2,1988.3967,1994,0.0408144658744999,0.0435664249824313,25.3631975451646,25.9459007193462,1.68632382083918,1.98109056076775,0.739600943888933,0.705058026026751,0.609611523328927,0.621395744232881,0.600847736654598,0.577473106855592,0.0396327417840729,0.0396152973523392,50.5819754758474,43.1767530600548,1.76998687454101,1.63237791642739,0.53119552574142,0.465961552761039,0.587580339168983,0.607467361747759,0.555722107445648,0.557815320876114,0.0527959569464374,0.048792178859881,42.1211082117141,45.8591607694207,2.65163681471285,2.25325807386984,0.193780846475765,0.144024274956574,0.612938926022784,0.613366628201822,0.604305700368203,0.610706891843645
62,65,1894.05095,1917.87389,0.0376942602414771,0.037158939657301,28.0640413114244,28.7668337872929,1.71771689945863,1.72969633344129,0.532857180960701,0.576245683916766,0.609671465913235,0.628408867113414,0.593148744796835,0.572300263143316,0.0407119738565602,0.0419065763912379,56.5399478850706,47.1206034638541,1.7788562901061,1.89473504810583,0.423388183075142,0.376863813118567,0.605159776707789,0.609186936659234,0.604942599039909,0.5676445328784,0.0580480547043697,0.0524553109181788,50.5923405431158,52.305534044029,2.4802037893486,2.71676020879786,0.344358103253676,0.318393209844535,0.617794486553873,0.616227134464859,0.602768440246862,0.600256962832381
65,66,1917.87389,1935.26785,0.037158939657301,0.0355916598579066,28.7668337872929,28.9236788185233,1.72969633344129,1.70512081027882,0.576245683916766,0.612824588349381,0.628408867113414,0.60902766245593,0.572300263143316,0.567480318817435,0.0419065763912379,0.0441524552986992,47.1206034638541,45.1052296665624,1.89473504810583,1.95317973871228,0.376863813118567,0.41807893234174,0.609186936659234,0.609498792206776,0.5676445328784,0.521168213830149,0.0524553109181788,0.0497797048417592,52.305534044029,53.7278113097532,2.71676020879786,2.41625252680103,0.318393209844535,0.294017105360555,0.616227134464859,0.608068643713793,0.600256962832381,0.607291300860639
66,67,1935.26785,1948.9644,0.0355916598579066,0.037147893942073,28.9236788185233,31.63771562675,1.70512081027882,1.69558239641132,0.612824588349381,0.616915812244192,0.60902766245593,0.597494376128185,0.567480318817435,0.566455116753304,0.0441524552986992,0.0429202187305511,45.1052296665624,41.2221403303493,1.95317973871228,1.94828633374117,0.41807893234174,0.439751199544482,0.609498792206776,0.616771794275412,0.521168213830149,0.560567442707618,0.0497797048417592,0.0533984387836198,53.7278113097532,58.8212519558226,2.41625252680103,2.60756834405687,0.294017105360555,0.289939756096797,0.608068643713793,0.605045262310473,0.607291300860639,0.598221611550883
67,60,1948.9644,1987,0.037147893942073,0.028980748657436,31.63771562675,28.4080227586708,1.69558239641132,1.57919821114956,0.616915812244192,0.732355662211809,0.597494376128185,0.553104787730322,0.566455116753304,0.558209242588547,0.0429202187305511,0.0342933476938064,41.2221403303493,27.5489247015871,1.94828633374117,1.78078444763641,0.439751199544482,0.47179881932301,0.616771794275412,0.623285323251876,0.560567442707618,0.605070314084107,0.0533984387836198,0.0557610833112498,58.8212519558226,53.7259663300947,2.60756834405687,2.55647049944298,0.289939756096797,0.112295494343946,0.605045262310473,0.597639752126285,0.598221611550883,0.618451783020983
67,68,1948.9644,1963.09349,0.037147893942073,0.0367877072422584,31.63771562675,32.0251755084922,1.69558239641132,1.6888328311433,0.616915812244192,0.574685490522484,0.597494376128185,0.592842303405457,0.566455116753304,0.577394877172275,0.0429202187305511,0.0449094995509182,41.2221403303493,50.8002963623656,1.94828633374117,1.98650728524915,0.439751199544482,0.503294857445946,0.616771794275412,0.593094066521789,0.560567442707618,0.58202014786916,0.0533984387836198,0.0568211618470498,58.8212519558226,62.1733136625436,2.60756834405687,2.67945345913895,0.289939756096797,0.308390033821645,0.605045262310473,0.604407712412151,0.598221611550883,0.598187522533146
68,69,1963.09349,1987.68115,0.0367877072422584,0.03675958044025,32.0251755084922,30.5526281283929,1.6888328311433,1.66210689000229,0.574685490522484,0.547823502927548,0.592842303405457,0.579866687761468,0.577394877172275,0.533177667509491,0.0449094995509182,0.0444038534935585,50.8002963623656,54.7239334473474,1.98650728524915,1.93733897283887,0.503294857445946,0.63588454252643,0.593094066521789,0.596878686499896,0.58202014786916,0.561770629724674,0.0568211618470498,0.0481864457602575,62.1733136625436,58.6833473422057,2.67945345913895,2.05580502310882,0.308390033821645,0.278295929174398,0.604407712412151,0.598296494534347,0.598187522533146,0.588238738652671
69,70,1987.68115,1997.31673,0.03675958044025,0.0361375074306871,30.5526281283929,30.8026421298526,1.66210689000229,1.71182617659864,0.547823502927548,0.534266920675878,0.579866687761468,0.573852193305771,0.533177667509491,0.530364609797255,0.0444038534935585,0.0437755884340972,54.7239334473474,51.3811349159361,1.93733897283887,1.92458581938113,0.63588454252643,0.557980485525628,0.596878686499896,0.578446300107902,0.561770629724674,0.572207383912857,0.0481864457602575,0.0445531069641178,58.6833473422057,56.8332812432589,2.05580502310882,2.10489526666211,0.278295929174398,0.310211301036879,0.598296494534347,0.595795764128296,0.588238738652671,0.583637366615115
70,57,1997.31673,2005,0.0361375074306871,0.0338533304571231,30.8026421298526,32.9927240785309,1.71182617659864,1.60569901886515,0.534266920675878,0.487291294725804,0.573852193305771,0.566091754003896,0.530364609797255,0.502358165258152,0.0437755884340972,0.0535510844930228,51.3811349159361,70.1435951247373,1.92458581938113,1.55036992081734,0.557980485525628,0.493646142873071,0.578446300107902,0.581224125381059,0.572207383912857,0.564254295055489,0.0445531069641178,0.0484953322568284,56.8332812432589,65.1793019399083,2.10489526666211,2.07070353293473,0.310211301036879,0.35526143619002,0.595795764128296,0.596291402152359,0.583637366615115,0.588361520427723
70,71,1997.31673,1998.4131,0.0361375074306871,0.0360068850234938,30.8026421298526,31.3584721142088,1.71182617659864,1.68643931238976,0.534266920675878,0.544240332360234,0.573852193305771,0.577867299577344,0.530364609797255,0.521317649828809,0.0437755884340972,0.0440601921908058,51.3811349159361,52.284810337625,1.92458581938113,1.92513069382823,0.557980485525628,0.559913438984913,0.578446300107902,0.579555414653056,0.572207383912857,0.575815406321365,0.0445531069641178,0.0433609188453801,56.8332812432589,56.3908430786978,2.10489526666211,2.08117926133396,0.310211301036879,0.314560702753435,0.595795764128296,0.594856628109072,0.583637366615115,0.587035711876284
71,59,1998.4131,2005,0.0360068850234938,0.033461764520489,31.3584721142088,35.6618091518543,1.68643931238976,1.3777229472716,0.544240332360234,0.661664286368132,0.577867299577344,0.573762978984752,0.521317649828809,0.523217824735855,0.0440601921908058,0.0524230230317274,52.284810337625,74.1071177150337,1.92513069382823,1.97094466448283,0.559913438984913,0.534021420941019,0.579555414653056,0.579107304527958,0.575815406321365,0.541124986599995,0.0433609188453801,0.0537929042545125,56.3908430786978,68.3929299093118,2.08117926133396,2.65970635405918,0.314560702753435,0.209202067748975,0.594856628109072,0.591744246997258,0.587035711876284,0.585118727113562
71,58,1998.4131,2005,0.0360068850234938,0.0296637779058521,31.3584721142088,9.87485771123657,1.68643931238976,1.51817935950722,0.544240332360234,0.606849431034771,0.577867299577344,0.530141402100454,0.521317649828809,0.435846959536089,0.0440601921908058,0.0337571722530417,52.284810337625,24.8134650034006,1.92513069382823,1.99384706251697,0.559913438984913,0.57177455542645,0.579555414653056,0.550670286778173,0.575815406321365,0.475233873684579,0.0433609188453801,0.0319771910165783,56.3908430786978,40.2977226415705,2.08117926133396,1.58356742059816,0.314560702753435,0.331660223295385,0.594856628109072,0.554743047412814,0.587035711876284,0.48137543742459
69,56,1987.68115,1988,0.03675958044025,0.0573622382682409,30.5526281283929,21.1626916101906,1.66210689000229,2.32067279469032,0.547823502927548,0.818706832355302,0.579866687761468,0.566088316175861,0.533177667509491,0.509271807014375,0.0444038534935585,0.037449861548289,54.7239334473474,28.5197332254691,1.93733897283887,1.4883706707733,0.63588454252643,0.615942264180438,0.596878686499896,0.581604324880872,0.561770629724674,0.515008994789447,0.0481864457602575,0.0412720253316655,58.6833473422057,39.2703734366468,2.05580502310882,1.7707508726241,0.278295929174398,0.595955021137508,0.598296494534347,0.59747099265766,0.588238738652671,0.554151790719147
68,72,1963.09349,1966.77895,0.0367877072422584,0.0371198710191364,32.0251755084922,32.1944185844495,1.6888328311433,1.75671056163039,0.574685490522484,0.580657518605278,0.592842303405457,0.58753471930089,0.577394877172275,0.568839090689024,0.0449094995509182,0.0461274153266412,50.8002963623656,51.1552948681236,1.98650728524915,1.98623692284885,0.503294857445946,0.472170115177533,0.593094066521789,0.596358835625276,0.58202014786916,0.568997479739966,0.0568211618470498,0.0573393397099712,62.1733136625436,60.1242803281421,2.67945345913895,2.82290308367005,0.308390033821645,0.286271419403102,0.604407712412151,0.601688396722106,0.598187522533146,0.598158156724466
72,73,1966.77895,1972.43743,0.0371198710191364,0.0377284619535042,32.1944185844495,34.1104922857744,1.75671056163039,1.72456416942769,0.580657518605278,0.614190784720547,0.58753471930089,0.589056056076644,0.568839090689024,0.561309345507573,0.0461274153266412,0.0469989264735104,51.1552948681236,53.730501235068,1.98623692284885,2.04512765944343,0.472170115177533,0.439920745495943,0.596358835625276,0.598848668120839,0.568997479739966,0.558581321957343,0.0573393397099712,0.0619563965082849,60.1242803281421,61.0754357052253,2.82290308367005,2.84326156434767,0.286271419403102,0.229399194677215,0.601688396722106,0.599439895688486,0.598158156724466,0.597752076124911
73,74,1972.43743,1980.29482,0.0377284619535042,0.0383532321490122,34.1104922857744,38.4414197687252,1.72456416942769,1.6924473869547,0.614190784720547,0.622825412061016,0.589056056076644,0.586249563293133,0.561309345507573,0.543127492137784,0.0469989264735104,0.0497381699822805,53.730501235068,57.4436888291659,2.04512765944343,2.06511979590622,0.439920745495943,0.447060467320804,0.598848668120839,0.585100807629311,0.558581321957343,0.563386304932794,0.0619563965082849,0.0605855584739545,61.0754357052253,62.5857765409035,2.84326156434767,2.79244320789715,0.229399194677215,0.234511352481844,0.599439895688486,0.599729761364317,0.597752076124911,0.591437271868591
74,75,1980.29482,1996.47311,0.0383532321490122,0.0389916875494796,38.4414197687252,37.5701405615428,1.6924473869547,1.70178248728177,0.622825412061016,0.594470481807858,0.586249563293133,0.584464562650314,0.543127492137784,0.503520022862314,0.0497381699822805,0.048096721470602,57.4436888291659,60.439396807009,2.06511979590622,1.997333223243,0.447060467320804,0.457950889746665,0.585100807629311,0.585263860779005,0.563386304932794,0.539993477321594,0.0605855584739545,0.0541933745536331,62.5857765409035,62.9015880348818,2.79244320789715,2.54216832462571,0.234511352481844,0.19047431237214,0.599729761364317,0.603369664099056,0.591437271868591,0.603612013573487
75,76,1996.47311,1997.74913,0.0389916875494796,0.0392307474361792,37.5701405615428,38.9759567243685,1.70178248728177,1.70596281752214,0.594470481807858,0.584359906932886,0.584464562650314,0.583377366284095,0.503520022862314,0.513829040910015,0.048096721470602,0.0485501781550736,60.439396807009,60.5377553186167,1.997333223243,1.99840517836412,0.457950889746665,0.456318048284422,0.585263860779005,0.583806457494293,0.539993477321594,0.5472630638662,0.0541933745536331,0.055179947931334,62.9015880348818,61.8729001775285,2.54216832462571,2.53352299885039,0.19047431237214,0.189443364572438,0.603369664099056,0.603136418312531,0.603612013573487,0.605349243484683
76,45,1997.74913,2007,0.0392307474361792,0.0375595992284828,38.9759567243685,42.6557942972698,1.70596281752214,1.55959073226464,0.584359906932886,0.53889661514053,0.583377366284095,0.622538798285089,0.513829040910015,0.58993236627046,0.0485501781550736,0.0555970506753885,60.5377553186167,72.1980131875584,1.99840517836412,1.57613121597974,0.456318048284422,0.572535422182045,0.583806457494293,0.531852584900456,0.5472630638662,0.436322781124637,0.055179947931334,0.0488210087830005,61.8729001775285,59.3441706311895,2.53352299885039,1.94748590887058,0.189443364572438,0.265332911929666,0.603136418312531,0.63548946473368,0.605349243484683,0.666829002455751
76,77,1997.74913,1999.486,0.0392307474361792,0.0391516709046268,38.9759567243685,39.5385099955465,1.70596281752214,1.70470823452243,0.584359906932886,0.579194852420614,0.583377366284095,0.591443648755617,0.513829040910015,0.517555542275256,0.0485501781550736,0.0485108639051927,60.5377553186167,61.5774878409212,1.99840517836412,1.99472917118763,0.456318048284422,0.439089584845691,0.583806457494293,0.585605892461633,0.5472630638662,0.55701400602514,0.055179947931334,0.0548279334010356,61.8729001775285,62.1062301284807,2.53352299885039,2.51553876617125,0.189443364572438,0.224441639906666,0.603136418312531,0.603511414119249,0.605349243484683,0.603688301754171
77,78,1999.486,2003.58686,0.0391516709046268,0.0395558746637269,39.5385099955465,39.9000625849102,1.70470823452243,1.72616595839733,0.579194852420614,0.556456332498931,0.591443648755617,0.593359901249408,0.517555542275256,0.518729089670687,0.0485108639051927,0.0488930235913579,61.5774878409212,61.9326317288265,1.99472917118763,2.00535690665664,0.439089584845691,0.454393779962718,0.585605892461633,0.587485949901699,0.55701400602514,0.563885456827182,0.0548279334010356,0.0557051864855617,62.1062301284807,62.0232927839281,2.51553876617125,2.50930005286596,0.224441639906666,0.285836098074474,0.603511414119249,0.604894254183788,0.603688301754171,0.600833440171639
78,48,2003.58686,2006,0.0395558746637269,0.0335249561171375,39.9000625849102,32.5923749218947,1.72616595839733,1.51043935306142,0.556456332498931,0.614597177762001,0.593359901249408,0.642568646800799,0.518729089670687,0.626828985386894,0.0488930235913579,0.0516469387734262,61.9326317288265,73.1323157463911,2.00535690665664,1.62557425246214,0.454393779962718,0.561358773320689,0.587485949901699,0.531769279494521,0.563885456827182,0.432401703086467,0.0557051864855617,0.0478934021934054,62.0232927839281,63.5102299126149,2.50930005286596,1.91984335307091,0.285836098074474,0.260646864284124,0.604894254183788,0.641775993716795,0.600833440171639,0.647921140121958
78,47,2003.58686,2005,0.0395558746637269,0.0393092708265763,39.9000625849102,56.5939386758577,1.72616595839733,1.56118715232768,0.556456332498931,0.38901696960022,0.593359901249408,0.527148395309579,0.518729089670687,0.430630057852777,0.0488930235913579,0.0575489062619659,61.9326317288265,75.2796009110024,2.00535690665664,2.38351998830465,0.454393779962718,0.466792357679257,0.587485949901699,0.572110904622488,0.563885456827182,0.539087938321693,0.0557051864855617,0.0537093383045962,62.0232927839281,70.9395528675146,2.50930005286596,2.62150525455799,0.285836098074474,0.101461842649129,0.604894254183788,0.573890747436263,0.600833440171639,0.561605757559538
77,46,1999.486,2007,0.0391516709046268,0.0382991461326328,39.5385099955465,37.2449340992071,1.70470823452243,1.5746813672912,0.579194852420614,0.60815383623033,0.591443648755617,0.63407489768704,0.517555542275256,0.615120155629395,0.0485108639051927,0.0434029150261914,61.5774878409212,57.5302489476934,1.99472917118763,1.81924706567504,0.439089584845691,0.332587069990159,0.585605892461633,0.621295247908766,0.55701400602514,0.583371224882147,0.0548279334010356,0.0448447705557146,62.1062301284807,60.040888119646,2.51553876617125,2.46181012774643,0.224441639906666,0.315381678792363,0.603511414119249,0.622396407913628,0.603688301754171,0.635849064792738
75,79,1996.47311,1996.53582,0.0389916875494796,0.0389777165737589,37.5701405615428,37.5677819975662,1.70178248728177,1.70387029860949,0.594470481807858,0.595723482592347,0.584464562650314,0.583558021102467,0.503520022862314,0.503169987554556,0.048096721470602,0.0481731837533639,60.439396807009,60.9238933671105,1.997333223243,2.00161044191798,0.457950889746665,0.454825608589647,0.585263860779005,0.585353466364433,0.539993477321594,0.542754820436397,0.0541933745536331,0.0541540455412511,62.9015880348818,62.4698567912581,2.54216832462571,2.5254429120284,0.19047431237214,0.189786366277935,0.603369664099056,0.603718930283838,0.603612013573487,0.604058354781116
79,49,1996.53582,2005,0.0389777165737589,0.0354152129061295,37.5677819975662,32.4257488125448,1.70387029860949,1.9311454032352,0.595723482592347,0.515576606353554,0.583558021102467,0.526047637149109,0.503169987554556,0.424133745964448,0.0481731837533639,0.0463217207021807,60.9238933671105,60.0920936687869,2.00161044191798,1.96274172632354,0.454825608589647,0.529850110731014,0.585353466364433,0.562656278438829,0.542754820436397,0.505028324374633,0.0541540455412511,0.0452475174825676,62.4698567912581,57.8371349060198,2.5254429120284,2.50857561376358,0.189786366277935,0.143240847868377,0.603718930283838,0.574682992765727,0.604058354781116,0.55392950063341
79,44,1996.53582,2005,0.0389777165737589,0.0431116024741329,37.5677819975662,59.3523350085115,1.70387029860949,1.66055949021906,0.595723482592347,0.56858717468961,0.583558021102467,0.562225768344191,0.503169987554556,0.495307520890529,0.0481731837533639,0.0575355423982177,60.9238933671105,75.0171944544651,2.00161044191798,2.27176420877332,0.454825608589647,0.418103567931343,0.585353466364433,0.577241451984404,0.542754820436397,0.553921278060291,0.0541540455412511,0.0707732312399223,62.4698567912581,73.5812047181418,2.5254429120284,3.40481638087209,0.189786366277935,0.176098612309539,0.603718930283838,0.582152187721894,0.604058354781116,0.585996848752331
74,80,1980.29482,1984.0121,0.0383532321490122,0.0385250541508452,38.4414197687252,38.4092202076332,1.6924473869547,1.7033288822905,0.622825412061016,0.604010343765086,0.586249563293133,0.580021243648053,0.543127492137784,0.529481179929253,0.0497381699822805,0.0526968643253428,57.4436888291659,60.3153430169273,2.06511979590622,2.09839961559162,0.447060467320804,0.459028449694308,0.585100807629311,0.582097813441561,0.563386304932794,0.579379607614609,0.0605855584739545,0.0620535283617858,62.5857765409035,62.3982973060667,2.79244320789715,2.76951526736731,0.234511352481844,0.228996660686447,0.599729761364317,0.597716127965567,0.591437271868591,0.58910376507524
80,81,1984.0121,1988.14696,0.0385250541508452,0.0388792802878245,38.4092202076332,40.906575760235,1.7033288822905,1.72460108947655,0.604010343765086,0.601433953756038,0.580021243648053,0.583982290923958,0.529481179929253,0.526959076111894,0.0526968643253428,0.0545129507013954,60.3153430169273,64.8108628493755,2.09839961559162,2.08197253472246,0.459028449694308,0.457518900169893,0.582097813441561,0.586233410473379,0.579379607614609,0.597477162125661,0.0620535283617858,0.06023543542571,62.3982973060667,63.6002786968601,2.76951526736731,2.5860994028713,0.228996660686447,0.210359719677585,0.597716127965567,0.59743740617816,0.58910376507524,0.590457662815919
81,82,1988.14696,1989.22954,0.0388792802878245,0.0391010596380968,40.906575760235,41.0189595781685,1.72460108947655,1.75635547273603,0.601433953756038,0.610771107371148,0.583982290923958,0.583715333159214,0.526959076111894,0.51946930564549,0.0545129507013954,0.0547151904081789,64.8108628493755,65.5231345536503,2.08197253472246,2.07519711567823,0.457518900169893,0.463662711351034,0.586233410473379,0.585009423676865,0.597477162125661,0.592323369977751,0.06023543542571,0.0635825555540971,63.6002786968601,62.7249597137718,2.5860994028713,2.62464237895998,0.210359719677585,0.227296218977822,0.59743740617816,0.59557530014793,0.590457662815919,0.587648586097022
82,83,1989.22954,1998.38146,0.0391010596380968,0.0398734737557322,41.0189595781685,44.217524061435,1.75635547273603,1.74499099008576,0.610771107371148,0.566548126110388,0.583715333159214,0.589813074856158,0.51946930564549,0.508126736776917,0.0547151904081789,0.0559190424102568,65.5231345536503,64.8195006895953,2.07519711567823,2.12157576361122,0.463662711351034,0.440654467004975,0.585009423676865,0.572518506156041,0.592323369977751,0.553525434931679,0.0635825555540971,0.0612431596368397,62.7249597137718,67.1913439332627,2.62464237895998,2.33391373385439,0.227296218977822,0.259803519330438,0.59557530014793,0.588845175442104,0.587648586097022,0.589651768264822
83,84,1998.38146,2003.3215,0.0398734737557322,0.0390804900889214,44.217524061435,44.6343681911591,1.74499099008576,1.64483484060274,0.566548126110388,0.55448291700214,0.589813074856158,0.594359822373765,0.508126736776917,0.492049894963376,0.0559190424102568,0.055568180248169,64.8195006895953,63.5232247325282,2.12157576361122,2.00180252981944,0.440654467004975,0.462479513973388,0.572518506156041,0.571278076841106,0.553525434931679,0.529118329463723,0.0612431596368397,0.0634434181431976,67.1913439332627,68.5311706122577,2.33391373385439,2.21825909639723,0.259803519330438,0.221516367660361,0.588845175442104,0.595606305867849,0.589651768264822,0.587221145577614
84,52,2003.3215,2005,0.0390804900889214,0.0374143474573236,44.6343681911591,46.2408425254689,1.64483484060274,1.57133856136682,0.55448291700214,0.518439548298602,0.594359822373765,0.529884736818078,0.492049894963376,0.421090131486849,0.055568180248169,0.0529842353630825,63.5232247325282,74.3794587586815,2.00180252981944,1.58734817143165,0.462479513973388,0.455364139625205,0.571278076841106,0.569150671397486,0.529118329463723,0.522220343334314,0.0634434181431976,0.0608408419227216,68.5311706122577,71.7183350922702,2.21825909639723,2.17099513360197,0.221516367660361,0.163881998850535,0.595606305867849,0.583898849010628,0.587221145577614,0.56802935738101
84,51,2003.3215,2005,0.0390804900889214,0.0375824960844935,44.6343681911591,59.3159454837651,1.64483484060274,1.42077893015252,0.55448291700214,0.569290024526817,0.594359822373765,0.56430797796402,0.492049894963376,0.495228998930766,0.055568180248169,0.0588156502202757,63.5232247325282,72.5793885475524,2.00180252981944,1.96329969996126,0.462479513973388,0.38613181438663,0.571278076841106,0.577252232696914,0.529118329463723,0.570760036404729,0.0634434181431976,0.0621444676902602,68.5311706122577,72.7925683132451,2.21825909639723,2.40131096388235,0.221516367660361,0.216417788030541,0.595606305867849,0.592883705299159,0.587221145577614,0.585880258768742
83,53,1998.38146,2005,0.0398734737557322,0.0436241058476272,44.217524061435,52.3126963036145,1.74499099008576,1.69543282338062,0.566548126110388,0.522281350813191,0.589813074856158,0.536884364156595,0.508126736776917,0.445875529291469,0.0559190424102568,0.0554109474249835,64.8195006895953,76.1872749900327,2.12157576361122,1.78837229755484,0.440654467004975,0.432474213358272,0.572518506156041,0.566385562339969,0.553525434931679,0.525887227193492,0.0612431596368397,0.0543458985892849,67.1913439332627,69.8881404167728,2.33391373385439,2.16686413125398,0.259803519330438,0.194004495878188,0.588845175442104,0.580605774789775,0.589651768264822,0.559110726366913
82,50,1989.22954,1998,0.0391010596380968,0.0452978563372403,41.0189595781685,42.230380682025,1.75635547273603,2.94899781757512,0.610771107371148,0.556931573692851,0.583715333159214,0.625047651706592,0.51946930564549,0.593558033625058,0.0547151904081789,0.0428279910160088,65.5231345536503,40.8582969107055,2.07519711567823,3.68348874242152,0.463662711351034,0.485682056045575,0.585009423676865,0.640791007163888,0.592323369977751,0.616274946739431,0.0635825555540971,0.0468870101242904,62.7249597137718,50.602030182273,2.62464237895998,3.21216733982995,0.227296218977822,0.28245910509304,0.59557530014793,0.619470666141701,0.587648586097022,0.592883241408489
81,54,1988.14696,2005,0.0388792802878245,0.0398348755230395,40.906575760235,52.5840360647089,1.72460108947655,1.38449698326156,0.601433953756038,0.561982443067404,0.583982290923958,0.560976497806425,0.526959076111894,0.501390067307267,0.0545129507013954,0.0518005487103233,64.8108628493755,64.776759483382,2.08197253472246,2.34766367305698,0.457518900169893,0.51532270312239,0.586233410473379,0.575506809176056,0.597477162125661,0.560663383791429,0.06023543542571,0.0558160188275405,63.6002786968601,68.7820397411794,2.5860994028713,2.29025838073806,0.210359719677585,0.171017406380462,0.59743740617816,0.578303125569774,0.590457662815919,0.552780365183356
80,55,1984.0121,1994,0.0385250541508452,0.0350911965692638,38.4092202076332,35.7387289555067,1.7033288822905,2.04256823314655,0.604010343765086,0.634647214138918,0.580021243648053,0.591434806304171,0.529481179929253,0.531972466452681,0.0526968643253428,0.0612323058162829,60.3153430169273,64.9519565851068,2.09839961559162,1.4722516069508,0.459028449694308,0.421169932524776,0.582097813441561,0.627406716225502,0.579379607614609,0.621186068303489,0.0620535283617858,0.0723008330775056,62.3982973060667,61.5215688497812,2.76951526736731,3.54306639796752,0.228996660686447,0.110406141283878,0.597716127965567,0.599238623865073,0.58910376507524,0.611129314719646
73,85,1972.43743,1976.25235,0.0377284619535042,0.0374187328868584,34.1104922857744,34.7628058435675,1.72456416942769,1.7296083193594,0.614190784720547,0.638083473322828,0.589056056076644,0.590840898735731,0.561309345507573,0.561189899154342,0.0469989264735104,0.0471543537099748,53.730501235068,57.3804391426194,2.04512765944343,2.05301555827178,0.439920745495943,0.411163168715874,0.598848668120839,0.598377172029715,0.558581321957343,0.573674971433078,0.0619563965082849,0.0594828424712477,61.0754357052253,62.8242153349131,2.84326156434767,2.97081263968814,0.229399194677215,0.211094948561654,0.599439895688486,0.597145892807471,0.597752076124911,0.601110393257107
85,43,1976.25235,1987,0.0374187328868584,0.030375081866294,34.7628058435675,47.5143276185467,1.7296083193594,1.9921231381991,0.638083473322828,0.6344973179525,0.590840898735731,0.594929814768058,0.561189899154342,0.530995784517973,0.0471543537099748,0.0534767578921924,57.3804391426194,62.5410257982992,2.05301555827178,1.54436799743289,0.411163168715874,0.240941734252098,0.598377172029715,0.631649560075489,0.573674971433078,0.628945804971693,0.0594828424712477,0.0652043507427572,62.8242153349131,54.9179132155226,2.97081263968814,3.64906556320438,0.211094948561654,0.0826473689613226,0.597145892807471,0.606181766338234,0.601110393257107,0.621452546352174
85,42,1976.25235,1993,0.0374187328868584,0.0457483101992726,34.7628058435675,28.9219390791528,1.7296083193594,0.942460502842556,0.638083473322828,0.747426766320067,0.590840898735731,0.594075771028555,0.561189899154342,0.55557317560244,0.0471543537099748,0.046309541405541,57.3804391426194,52.2387232893202,2.05301555827178,1.98826298277416,0.411163168715874,0.226583045121281,0.598377172029715,0.63250244005456,0.573674971433078,0.626211898514714,0.0594828424712477,0.0635620196926643,62.8242153349131,57.718592442691,2.97081263968814,2.62577260972202,0.211094948561654,0.125268830354952,0.597145892807471,0.60624210145111,0.601110393257107,0.640003799728332
72,86,1966.77895,1968.71972,0.0371198710191364,0.0372633679139963,32.1944185844495,31.6506840471346,1.75671056163039,1.79758967028845,0.580657518605278,0.587709481788982,0.58753471930089,0.588966993592239,0.568839090689024,0.561461237027648,0.0461274153266412,0.0464390286810154,51.1552948681236,55.4581243867985,1.98623692284885,1.99411551482051,0.472170115177533,0.494122693944774,0.596358835625276,0.589711834297281,0.568997479739966,0.558300688235873,0.0573393397099712,0.0565627678009787,60.1242803281421,61.5745834184441,2.82290308367005,2.66095761098125,0.286271419403102,0.271044311705497,0.601688396722106,0.603001084571914,0.598158156724466,0.597812641792096
86,40,1968.71972,2005,0.0372633679139963,0.0282118073158446,31.6506840471346,4.44706731993508,1.79758967028845,1.5348913162162,0.587709481788982,0.995196028503929,0.588966993592239,0.638818635979681,0.561461237027648,0.649266758282596,0.0464390286810154,0.0421345026791399,55.4581243867985,52.8488110337477,1.99411551482051,1.35578576255072,0.494122693944774,0.781215453317852,0.589711834297281,0.580061188049599,0.558300688235873,0.559158998668426,0.0565627678009787,0.0496554383705541,61.5745834184441,68.3961572727793,2.66095761098125,2.94649361928725,0.271044311705497,0.279717430995197,0.603001084571914,0.57289945079869,0.597812641792096,0.550106418255452
86,41,1968.71972,2005,0.0372633679139963,0.03816842802396,31.6506840471346,45.8223507677495,1.79758967028845,1.72547424036211,0.587709481788982,0.546596820992681,0.588966993592239,0.532889921117731,0.561461237027648,0.441742783298837,0.0464390286810154,0.0477681226161204,55.4581243867985,21.4358568057314,1.99411551482051,1.67327814108764,0.494122693944774,0.485810273320591,0.589711834297281,0.595149516826332,0.558300688235873,0.596586535348262,0.0565627678009787,0.0564557971572384,61.5745834184441,69.6015739805529,2.66095761098125,1.98429503032557,0.271044311705497,0.417003747896393,0.603001084571914,0.563332668331413,0.597812641792096,0.610400756242083
66,87,1935.26785,1973.12155,0.0355916598579066,0.0375306144781032,28.9236788185233,32.9118110999439,1.70512081027882,1.73310059829946,0.612824588349381,0.587761003321296,0.60902766245593,0.623623807340124,0.567480318817435,0.59056100683725,0.0441524552986992,0.047519929367643,45.1052296665624,43.7677202946244,1.95317973871228,1.84977497199463,0.41807893234174,0.534892707961076,0.609498792206776,0.584480409869139,0.521168213830149,0.533473089631647,0.0497797048417592,0.0437569784614901,53.7278113097532,55.3615189653351,2.41625252680103,2.23318887813858,0.294017105360555,0.315501733304519,0.608068643713793,0.611404760922517,0.607291300860639,0.591803006650025
87,88,1973.12155,1974.01684,0.0375306144781032,0.0371600530309987,32.9118110999439,33.335980470952,1.73310059829946,1.74645711147268,0.587761003321296,0.592375066051671,0.623623807340124,0.628483764733461,0.59056100683725,0.592360676922455,0.047519929367643,0.0474207196118865,43.7677202946244,45.1132673652448,1.84977497199463,1.86906522888816,0.534892707961076,0.511878312739813,0.584480409869139,0.578756877125792,0.533473089631647,0.531614785620137,0.0437569784614901,0.0446045249193095,55.3615189653351,55.4821087060823,2.23318887813858,2.22191459355464,0.315501733304519,0.323128556046927,0.611404760922517,0.610279491903753,0.591803006650025,0.589642009590994
88,89,1974.01684,1974.47733,0.0371600530309987,0.0372175086878782,33.335980470952,33.7063531122784,1.74645711147268,1.79273424203618,0.592375066051671,0.593546674353628,0.628483764733461,0.626999229604165,0.592360676922455,0.591036278558454,0.0474207196118865,0.0476940858693057,45.1132673652448,46.1449735639375,1.86906522888816,1.86090205572509,0.511878312739813,0.508798294053317,0.578756877125792,0.577954130048568,0.531614785620137,0.521956557838498,0.0446045249193095,0.0448336494576332,55.4821087060823,56.3561633467335,2.22191459355464,2.17666587452275,0.323128556046927,0.327309775137074,0.610279491903753,0.610603918973842,0.589642009590994,0.589624069310909
89,38,1974.47733,1988,0.0372175086878782,0.0354145621399775,33.7063531122784,37.0290783037936,1.79273424203618,1.6375858115769,0.593546674353628,0.519810962160011,0.626999229604165,0.633056257901619,0.591036278558454,0.601560272667943,0.0476940858693057,0.052690807311967,46.1449735639375,68.7775397814653,1.86090205572509,1.67684792997055,0.508798294053317,0.431135382024039,0.577954130048568,0.561858710534714,0.521956557838498,0.46752681566383,0.0448336494576332,0.0424793991360067,56.3561633467335,60.3620262932867,2.17666587452275,1.88716494034447,0.327309775137074,0.425825082571018,0.610603918973842,0.63518223627264,0.589624069310909,0.620858941918485
89,37,1974.47733,1998,0.0372175086878782,0.0432179427704622,33.7063531122784,30.5619492164389,1.79273424203618,2.85979542214604,0.593546674353628,0.589275580330704,0.626999229604165,0.633133400380358,0.591036278558454,0.633037002795025,0.0476940858693057,0.043093725595304,46.1449735639375,41.4945148263203,1.86090205572509,2.36668240107597,0.508798294053317,0.573492612640921,0.577954130048568,0.626789488559937,0.521956557838498,0.627611990461531,0.0448336494576332,0.0608027069003924,56.3561633467335,55.7056907102624,2.17666587452275,3.435065749625,0.327309775137074,0.229217346043282,0.610603918973842,0.625498021491932,0.589624069310909,0.635551482948897
88,90,1974.01684,1975.85962,0.0371600530309987,0.0373479170063419,33.335980470952,33.2921716124077,1.74645711147268,1.75667041918698,0.592375066051671,0.588819768312345,0.628483764733461,0.627613506215779,0.592360676922455,0.590677633831406,0.0474207196118865,0.046998695493119,45.1132673652448,44.5082872562386,1.86906522888816,1.88233440415502,0.511878312739813,0.561306917875897,0.578756877125792,0.57639826078704,0.531614785620137,0.520207945886435,0.0446045249193095,0.0434290235674508,55.4821087060823,55.4933069123631,2.22191459355464,2.12243023301754,0.323128556046927,0.314265655055272,0.610279491903753,0.61108247486745,0.589642009590994,0.591781201543506
90,36,1975.85962,1987,0.0373479170063419,0.0573668560187537,33.2921716124077,15.2638520960313,1.75667041918698,2.45064095981764,0.588819768312345,0.64543492714688,0.627613506215779,0.569751423249387,0.590677633831406,0.525916211893881,0.046998695493119,0.0336190029558094,44.5082872562386,12.5755533058725,1.88233440415502,1.459473345527,0.561306917875897,0.588526452453395,0.57639826078704,0.56926469609976,0.520207945886435,0.504258753240813,0.0434290235674508,0.040688121534133,55.4933069123631,24.201814457635,2.12243023301754,1.84600481236659,0.314265655055272,0.392386953493883,0.61108247486745,0.585348887145555,0.591781201543506,0.533546766572702
90,91,1975.85962,1983.58087,0.0373479170063419,0.0353282161533,33.2921716124077,34.4327812011144,1.75667041918698,1.73548376467335,0.588819768312345,0.567944153893042,0.627613506215779,0.631836638330934,0.590677633831406,0.593655254898773,0.046998695493119,0.0472063020209988,44.5082872562386,44.2760681555028,1.88233440415502,1.81257994024572,0.561306917875897,0.631671945512205,0.57639826078704,0.566909493257873,0.520207945886435,0.492052637852196,0.0434290235674508,0.0437495324657593,55.4933069123631,51.2150745098885,2.12243023301754,2.04089403380414,0.314265655055272,0.353830383075229,0.61108247486745,0.61471232965216,0.591781201543506,0.594994873133502
91,92,1983.58087,1989.19652,0.0353282161533,0.0348655567967123,34.4327812011144,37.3910506175079,1.73548376467335,1.73195660228366,0.567944153893042,0.548417145133782,0.631836638330934,0.625580872216364,0.593655254898773,0.605892436294046,0.0472063020209988,0.0467360339253293,44.2760681555028,56.7670577084183,1.81257994024572,1.85245273307359,0.631671945512205,0.604117630700458,0.566909493257873,0.565504230597711,0.492052637852196,0.499540605494833,0.0437495324657593,0.047878307970358,51.2150745098885,55.7728088993465,2.04089403380414,2.01596036164677,0.353830383075229,0.35057090727551,0.61471232965216,0.612571010285303,0.594994873133502,0.592832736519106
92,93,1989.19652,1994.40246,0.0348655567967123,0.0352170522568391,37.3910506175079,37.0654231991655,1.73195660228366,1.66202991957977,0.548417145133782,0.533974672942373,0.625580872216364,0.624473266707269,0.605892436294046,0.600249031875516,0.0467360339253293,0.048453069279526,56.7670577084183,54.7266511091716,1.85245273307359,1.88309798653647,0.604117630700458,0.578501765919933,0.565504230597711,0.569552339455437,0.499540605494833,0.497515433955833,0.047878307970358,0.0501666502089239,55.7728088993465,59.7936989428723,2.01596036164677,2.01783567222334,0.35057090727551,0.397398172635212,0.612571010285303,0.611047092534379,0.592832736519106,0.596445964165074
93,94,1994.40246,1999.33279,0.0352170522568391,0.0353837836643768,37.0654231991655,37.0831154714931,1.66202991957977,1.6901588787052,0.533974672942373,0.521262263471287,0.624473266707269,0.613631331016928,0.600249031875516,0.59686967477538,0.048453069279526,0.0484073783318545,54.7266511091716,57.8193051912486,1.88309798653647,1.88330833588174,0.578501765919933,0.53542955286728,0.569552339455437,0.571662183019121,0.497515433955833,0.50240712315782,0.0501666502089239,0.0497802096739151,59.7936989428723,63.3734358789534,2.01783567222334,2.19198952875549,0.397398172635212,0.360509034380766,0.611047092534379,0.60990355698966,0.596445964165074,0.593410725332426
94,95,1999.33279,2002.89275,0.0353837836643768,0.0350133526264034,37.0831154714931,37.7691060361254,1.6901588787052,1.70454719860598,0.521262263471287,0.532722871715331,0.613631331016928,0.60372959003713,0.59686967477538,0.594128141658184,0.0484073783318545,0.0494263905701236,57.8193051912486,58.7928082052817,1.88330833588174,1.91114347125673,0.53542955286728,0.562226247336243,0.571662183019121,0.567191025965186,0.50240712315782,0.52169930505932,0.0497802096739151,0.0506097113387592,63.3734358789534,62.366496437672,2.19198952875549,2.10827679343454,0.360509034380766,0.332341258761221,0.60990355698966,0.61004873730105,0.593410725332426,0.588254827968015
95,29,2002.89275,2005,0.0350133526264034,0.0374192800773154,37.7691060361254,46.9519418695595,1.70454719860598,1.44292491532288,0.532722871715331,0.500636222830115,0.60372959003713,0.561976322717029,0.594128141658184,0.493834333624434,0.0494263905701236,0.0519962088782882,58.7928082052817,74.679331921106,1.91114347125673,1.67286326490717,0.562226247336243,0.571565321913541,0.567191025965186,0.594220749751415,0.52169930505932,0.581285466974917,0.0506097113387592,0.0548758169513067,62.366496437672,67.0255579264396,2.10827679343454,2.56181325347001,0.332341258761221,0.182696690988231,0.61004873730105,0.570456769429563,0.588254827968015,0.545308576109884
95,30,2002.89275,2005,0.0350133526264034,0.0389200489430825,37.7691060361254,47.6876526267501,1.70454719860598,1.90683274793408,0.532722871715331,0.449555367555114,0.60372959003713,0.531053385917052,0.594128141658184,0.4317422685573,0.0494263905701236,0.051532965357948,58.7928082052817,59.9937454217999,1.91114347125673,1.92504772271741,0.562226247336243,0.588165404912014,0.567191025965186,0.560725474741354,0.52169930505932,0.501543125149774,0.0506097113387592,0.0497129521833766,62.366496437672,67.1994623102154,2.10827679343454,2.34778860144754,0.332341258761221,0.0999507860518797,0.61004873730105,0.590453869675131,0.588254827968015,0.583935018800286
94,96,1999.33279,2000.70961,0.0353837836643768,0.0353492270352927,37.0831154714931,35.7907455420849,1.6901588787052,1.70635932894393,0.521262263471287,0.513242243623378,0.613631331016928,0.614098312574539,0.59686967477538,0.597532242706098,0.0484073783318545,0.0483941468957035,57.8193051912486,55.6472455931098,1.88330833588174,1.88083985119395,0.53542955286728,0.557934796512016,0.571662183019121,0.578265767774766,0.50240712315782,0.480929204624945,0.0497802096739151,0.0501008383113425,63.3734358789534,60.525100971262,2.19198952875549,2.12865918466171,0.360509034380766,0.374075966731128,0.60990355698966,0.609468388665423,0.593410725332426,0.591690916498659
96,27,2000.70961,2007,0.0353492270352927,0.0383091549923286,35.7907455420849,37.7229778526977,1.70635932894393,1.71529177063301,0.513242243623378,0.657346733823381,0.614098312574539,0.636911125714307,0.597532242706098,0.617113027582243,0.0483941468957035,0.0528056195363235,55.6472455931098,60.8229700084241,1.88083985119395,1.92922200469789,0.557934796512016,0.613890158779854,0.578265767774766,0.543497179770023,0.480929204624945,0.502074495156819,0.0501008383113425,0.0453380494140547,60.525100971262,58.2214755109604,2.12865918466171,1.97163824770655,0.374075966731128,0.412973568462819,0.609468388665423,0.638006217260619,0.591690916498659,0.633241639457043
96,28,2000.70961,2007,0.0353492270352927,0.0380183156198069,35.7907455420849,33.7764195585755,1.70635932894393,1.62411825579753,0.513242243623378,0.598704101645207,0.614098312574539,0.631580163861472,0.597532242706098,0.601916163309815,0.0483941468957035,0.0557697527111244,55.6472455931098,70.5292878364513,1.88083985119395,1.72078293643071,0.557934796512016,0.610489898626343,0.578265767774766,0.523661848686685,0.480929204624945,0.403762065375568,0.0501008383113425,0.0433015618562955,60.525100971262,57.1478901305859,2.12865918466171,1.94537230232158,0.374075966731128,0.434110567861745,0.609468388665423,0.640429657687938,0.591690916498659,0.646880582920491
93,35,1994.40246,2007,0.0352170522568391,0.0359858997606112,37.0654231991655,35.0977680992985,1.66202991957977,1.63541596372297,0.533974672942373,0.712923902551212,0.624473266707269,0.634117354560429,0.600249031875516,0.616842823168145,0.048453069279526,0.044880848651468,54.7266511091716,56.9593040866058,1.88309798653647,1.65745242081152,0.578501765919933,0.621687201389146,0.569552339455437,0.531363907347199,0.497515433955833,0.440766539197484,0.0501666502089239,0.0461398844469663,59.7936989428723,60.9399839596624,2.01783567222334,1.98097450254094,0.397398172635212,0.481393309867303,0.611047092534379,0.633595525120716,0.596445964165074,0.640817500755555
92,97,1989.19652,1996.73063,0.0348655567967123,0.0353503703388589,37.3910506175079,38.4124289261668,1.73195660228366,1.64282216601725,0.548417145133782,0.545329216189476,0.625580872216364,0.612796752600524,0.605892436294046,0.612400120376498,0.0467360339253293,0.046428952895187,56.7670577084183,55.5823398537689,1.85245273307359,1.83147501009888,0.604117630700458,0.570291884814232,0.565504230597711,0.565039422407236,0.499540605494833,0.519655727330012,0.047878307970358,0.0444092926110608,55.7728088993465,55.6461759335592,2.01596036164677,2.13792072621989,0.35057090727551,0.353571562339297,0.612571010285303,0.609119075008755,0.592832736519106,0.5960142432746
97,33,1996.73063,2007,0.0353503703388589,0.0295049876860986,38.4124289261668,17.0805057850241,1.64282216601725,1.65642570922993,0.545329216189476,0.558573943073254,0.612796752600524,0.637688623671505,0.612400120376498,0.611984477267365,0.046428952895187,0.0377528112968299,55.5823398537689,42.6566190909832,1.83147501009888,1.68274658182709,0.570291884814232,0.627856886882349,0.565039422407236,0.536415789452525,0.519655727330012,0.430186481750905,0.0444092926110608,0.0352779412375158,55.6461759335592,46.4918840832839,2.13792072621989,1.72908425140316,0.353571562339297,0.406819348520344,0.609119075008755,0.622654830714007,0.5960142432746,0.60943002826634
97,98,1996.73063,1998.3687,0.0353503703388589,0.0355353250056709,38.4124289261668,38.6136030942845,1.64282216601725,1.64821868304708,0.545329216189476,0.56177775320425,0.612796752600524,0.615365588520257,0.612400120376498,0.607480503358553,0.046428952895187,0.0477961030661902,55.5823398537689,57.1315652534934,1.83147501009888,1.8164896136941,0.570291884814232,0.591258353113102,0.565039422407236,0.569357387176935,0.519655727330012,0.491199265404244,0.0444092926110608,0.0444107793556096,55.6461759335592,56.8194643863051,2.13792072621989,2.26628857635151,0.353571562339297,0.367590180078374,0.609119075008755,0.606575304674806,0.5960142432746,0.5909095272512
98,32,1998.3687,2007,0.0355353250056709,0.037123858549794,38.6136030942845,44.5883348994064,1.64821868304708,1.56393109327876,0.56177775320425,0.609232262932415,0.615365588520257,0.630558751515601,0.607480503358553,0.608419850489017,0.0477961030661902,0.055331179672602,57.1315652534934,74.4496337026286,1.8164896136941,1.74126958896196,0.591258353113102,0.590853230517484,0.569357387176935,0.526485814638534,0.491199265404244,0.418416525688909,0.0444107793556096,0.0515113782818945,56.8194643863051,66.8943303464417,2.26628857635151,1.89666452703109,0.367590180078374,0.398936224051176,0.606575304674806,0.631069532921875,0.5909095272512,0.626165419573734
98,31,1998.3687,2007,0.0355353250056709,0.0326472065310131,38.6136030942845,23.8079525874595,1.64821868304708,1.60598809414632,0.56177775320425,0.53513450449033,0.615365588520257,0.615280451756224,0.607480503358553,0.582449391734048,0.0477961030661902,0.0370644331906571,57.1315652534934,40.9677104916362,1.8164896136941,1.65950380132831,0.591258353113102,0.594481642349869,0.569357387176935,0.535492093257537,0.491199265404244,0.443759949107054,0.0444107793556096,0.0370170855387178,56.8194643863051,44.8699357449292,2.26628857635151,1.79556931238898,0.367590180078374,0.504397470473255,0.606575304674806,0.624231497845443,0.5909095272512,0.606780841142793
91,34,1983.58087,2006,0.0353282161533,0.0334805130160086,34.4327812011144,29.9771153326309,1.73548376467335,1.75041507536051,0.567944153893042,0.585121853357956,0.631836638330934,0.640709849179403,0.593655254898773,0.625430303483961,0.0472063020209988,0.0454307443303501,44.2760681555028,58.1943052324407,1.81257994024572,1.85511024016696,0.631671945512205,0.562550281662154,0.566909493257873,0.52913703799237,0.492052637852196,0.415695632163238,0.0437495324657593,0.0366649733229485,51.2150745098885,53.0166374403687,2.04089403380414,1.83931981100246,0.353830383075229,0.361361410832947,0.61471232965216,0.626403099306653,0.594994873133502,0.593570419322253
87,39,1973.12155,1998,0.0375306144781032,0.0436104571812891,32.9118110999439,37.4977733038368,1.73310059829946,2.27896038785072,0.587761003321296,0.736147914397101,0.623623807340124,0.624082356310452,0.59056100683725,0.590951745709408,0.047519929367643,0.0411025353560857,43.7677202946244,40.9970943514099,1.84977497199463,3.21929212604012,0.534892707961076,0.485111473423294,0.584480409869139,0.641385577065208,0.533473089631647,0.597642313035075,0.0437569784614901,0.052945381310633,55.3615189653351,46.2978992629399,2.23318887813858,3.52236181209735,0.315501733304519,0.236151958316433,0.611404760922517,0.641759104701117,0.591803006650025,0.622674132802765
65,99,1917.87389,1942.25854,0.037158939657301,0.0370136877764503,28.7668337872929,29.704410229961,1.72969633344129,1.71538681820625,0.576245683916766,0.539246056746927,0.628408867113414,0.596675667909196,0.572300263143316,0.596420897419031,0.0419065763912379,0.0445385161127598,47.1206034638541,46.7645037852094,1.89473504810583,1.91809950126452,0.376863813118567,0.394540218906277,0.609186936659234,0.608478998781685,0.5676445328784,0.549793905766904,0.0524553109181788,0.0543088259910706,52.305534044029,53.6042058599661,2.71676020879786,2.55448893785342,0.318393209844535,0.244517529888468,0.616227134464859,0.610895158685276,0.600256962832381,0.611234336858794
99,100,1942.25854,1950.69998,0.0370136877764503,0.0377997129818069,29.704410229961,27.3603638331146,1.71538681820625,1.68832402714272,0.539246056746927,0.55054645651965,0.596675667909196,0.600706753426059,0.596420897419031,0.612250956083563,0.0445385161127598,0.0443678865277929,46.7645037852094,45.3986053217495,1.91809950126452,1.9350843980492,0.394540218906277,0.415025335446616,0.608478998781685,0.608533000112624,0.549793905766904,0.554863516386163,0.0543088259910706,0.0528322312368007,53.6042058599661,50.7993954641861,2.55448893785342,2.43808788053834,0.244517529888468,0.2550786620955,0.610895158685276,0.617055947040065,0.611234336858794,0.612365584069482
100,101,1950.69998,1960.12258,0.0377997129818069,0.0376349611550027,27.3603638331146,26.9233993539224,1.68832402714272,1.78036984631782,0.55054645651965,0.555667474856734,0.600706753426059,0.603519334295724,0.612250956083563,0.619612715754271,0.0443678865277929,0.0435302790908687,45.3986053217495,46.6714723318541,1.9350843980492,1.9401490456305,0.415025335446616,0.415961289261432,0.608533000112624,0.622420104793145,0.554863516386163,0.584614646686178,0.0528322312368007,0.054797596271903,50.7993954641861,49.9278809675034,2.43808788053834,2.60880056635836,0.2550786620955,0.242292866013181,0.617055947040065,0.614252371297735,0.612365584069482,0.604987263932689
101,102,1960.12258,1973.59725,0.0376349611550027,0.0384198793990579,26.9233993539224,28.9739090806386,1.78036984631782,1.76190625578451,0.555667474856734,0.555205924399465,0.603519334295724,0.604107826038937,0.619612715754271,0.623707011247397,0.0435302790908687,0.0400884848246994,46.6714723318541,44.6076545410975,1.9401490456305,1.73993593886695,0.415961289261432,0.499058211720485,0.622420104793145,0.627910426520433,0.584614646686178,0.623818174729689,0.054797596271903,0.0464641340624751,49.9278809675034,48.6709288474856,2.60880056635836,2.49012740309333,0.242292866013181,0.241703553937434,0.614252371297735,0.610824336240071,0.604987263932689,0.600113119998731
102,103,1973.59725,1975.52375,0.0384198793990579,0.0388298420666149,28.9739090806386,27.7589690354811,1.76190625578451,1.74858004639382,0.555205924399465,0.564767996264612,0.604107826038937,0.601417796258399,0.623707011247397,0.616358130168121,0.0400884848246994,0.0396381174100288,44.6076545410975,46.5469134296452,1.73993593886695,1.73423716453888,0.499058211720485,0.533846567834526,0.627910426520433,0.629664203119449,0.623818174729689,0.615312459153022,0.0464641340624751,0.0470527440400022,48.6709288474856,47.9882783176699,2.49012740309333,2.49500616446365,0.241703553937434,0.246440651863939,0.610824336240071,0.617299110981905,0.600113119998731,0.598106695220337
103,9,1975.52375,1997,0.0388298420666149,0.042836747943839,27.7589690354811,21.3027856014591,1.74858004639382,2.19665135172789,0.564767996264612,0.742843733053007,0.601417796258399,0.617985944085635,0.616358130168121,0.584086689473011,0.0396381174100288,0.0412607537472463,46.5469134296452,39.2792010259308,1.73423716453888,1.6694288765914,0.533846567834526,0.463605886481147,0.629664203119449,0.632448975120512,0.615312459153022,0.593270677009159,0.0470527440400022,0.0484074268721912,47.9882783176699,34.9968808957123,2.49500616446365,3.36302083737711,0.246440651863939,0.358334251753857,0.617299110981905,0.628337316625443,0.598106695220337,0.593382567011821
103,10,1975.52375,1990,0.0388298420666149,0.038692046483922,27.7589690354811,15.3862815994796,1.74858004639382,1.87815595305737,0.564767996264612,0.574819329688868,0.601417796258399,0.628135082584616,0.616358130168121,0.626208516860407,0.0396381174100288,0.0375588277921292,46.5469134296452,44.735461334108,1.73423716453888,1.47646402093461,0.533846567834526,0.507567637496042,0.629664203119449,0.628074951401625,0.615312459153022,0.601602809418316,0.0470527440400022,0.0378740601856148,47.9882783176699,56.001700525336,2.49500616446365,2.04319249869048,0.246440651863939,0.217373396352999,0.617299110981905,0.597546196835314,0.598106695220337,0.620126999857239
102,8,1973.59725,1990,0.0384198793990579,0.0399234225835055,28.9739090806386,35.7608900157385,1.76190625578451,1.69000276185448,0.555205924399465,0.49212793472973,0.604107826038937,0.592921097370496,0.623707011247397,0.564744726323619,0.0400884848246994,0.0333111367533227,44.6076545410975,23.8133898627954,1.73993593886695,1.88387228926721,0.499058211720485,0.455414105124819,0.627910426520433,0.632707340341595,0.623818174729689,0.618765941976942,0.0464641340624751,0.0478637718547581,48.6709288474856,40.7181247284616,2.49012740309333,1.83796938024354,0.241703553937434,0.158961793161992,0.610824336240071,0.589550432925471,0.600113119998731,0.576979259030398
101,11,1960.12258,1980,0.0376349611550027,0.0443165426786361,26.9233993539224,37.7775423297447,1.78036984631782,2.96046954804156,0.555667474856734,0.521304936746592,0.603519334295724,0.628233081886939,0.619612715754271,0.598105183499474,0.0435302790908687,0.0474535197551969,46.6714723318541,40.5308403322018,1.9401490456305,2.63544438563235,0.415961289261432,0.494103140972044,0.622420104793145,0.638469539085298,0.584614646686178,0.60028089292331,0.054797596271903,0.0529710188975022,49.9278809675034,41.377316148245,2.60880056635836,2.82518527189164,0.242292866013181,0.319391738267016,0.614252371297735,0.635217184635,0.604987263932689,0.624130333330377
100,104,1950.69998,1955.74323,0.0377997129818069,0.0368513391658154,27.3603638331146,27.055164007453,1.68832402714272,1.69834256544173,0.55054645651965,0.557788480916487,0.600706753426059,0.602409298878401,0.612250956083563,0.609874611142625,0.0443678865277929,0.044324291166129,45.3986053217495,45.4197747538698,1.9350843980492,1.94146966383444,0.415025335446616,0.393451227902373,0.608533000112624,0.599915169186302,0.554863516386163,0.535292486387459,0.0528322312368007,0.0516633269347441,50.7993954641861,48.4680263019678,2.43808788053834,2.46295351319262,0.2550786620955,0.270652758688881,0.617055947040065,0.618113153124294,0.612365584069482,0.612460971577104
104,105,1955.74323,1957.66427,0.0368513391658154,0.0368060520057948,27.055164007453,28.3622039848619,1.69834256544173,1.68888611720845,0.557788480916487,0.573724233996512,0.602409298878401,0.608840242744216,0.609874611142625,0.612016595582776,0.044324291166129,0.043821366843358,45.4197747538698,49.8919913327904,1.94146966383444,1.94098572847673,0.393451227902373,0.396774576992944,0.599915169186302,0.599424892071902,0.535292486387459,0.526144709923784,0.0516633269347441,0.0503768753959088,48.4680263019678,48.9648560369952,2.46295351319262,2.36645617179071,0.270652758688881,0.27857517988998,0.618113153124294,0.617217391347063,0.612460971577104,0.608415034866561
105,106,1957.66427,1962.21213,0.0368060520057948,0.0358322703895535,28.3622039848619,27.990483345472,1.68888611720845,1.68240377325687,0.573724233996512,0.566008168031337,0.608840242744216,0.613402218992953,0.612016595582776,0.60633161892384,0.043821366843358,0.0428243198579074,49.8919913327904,44.9789121121999,1.94098572847673,1.92948864566482,0.396774576992944,0.397409069783438,0.599424892071902,0.603730927874098,0.526144709923784,0.511419498189002,0.0503768753959088,0.0510382628875911,48.9648560369952,49.8410743461228,2.36645617179071,2.34161737772886,0.27857517988998,0.253077369525908,0.617217391347063,0.617034508799414,0.608415034866561,0.611112895886449
106,107,1962.21213,1971.52582,0.0358322703895535,0.0361841560347616,27.990483345472,27.5456867068612,1.68240377325687,1.73076705942457,0.566008168031337,0.580357072635866,0.613402218992953,0.627892387880015,0.60633161892384,0.604228321958556,0.0428243198579074,0.0426223280893636,44.9789121121999,42.9625219790272,1.92948864566482,1.9124359972424,0.397409069783438,0.398481413339896,0.603730927874098,0.598867085400379,0.511419498189002,0.521562044133487,0.0510382628875911,0.0514062092362977,49.8410743461228,45.7394265949061,2.34161737772886,2.51539305856722,0.253077369525908,0.265676093054945,0.617034508799414,0.613097934950584,0.611112895886449,0.610923058878486
107,108,1971.52582,1980.48903,0.0361841560347616,0.0371439109011467,27.5456867068612,28.0855924059048,1.73076705942457,1.72990025046201,0.580357072635866,0.612971666592455,0.627892387880015,0.638661402554518,0.604228321958556,0.62336930223481,0.0426223280893636,0.043136999456845,42.9625219790272,46.3288601042058,1.9124359972424,1.87317954182616,0.398481413339896,0.398201758730604,0.598867085400379,0.589944954989459,0.521562044133487,0.507985327455731,0.0514062092362977,0.0552519531922839,45.7394265949061,48.4282145724136,2.51539305856722,2.40846077967449,0.265676093054945,0.296617553992816,0.613097934950584,0.612568557627058,0.610923058878486,0.606577011217063
108,24,1980.48903,1989,0.0371439109011467,0.0346251356421592,28.0855924059048,40.2528219480065,1.72990025046201,1.62904834505138,0.612971666592455,0.638027405006002,0.638661402554518,0.630505393768942,0.62336930223481,0.643337743106605,0.043136999456845,0.0425414475772781,46.3288601042058,39.5248053234071,1.87317954182616,1.97632953233059,0.398201758730604,0.395108802723812,0.589944954989459,0.625595374242777,0.507985327455731,0.625746673714982,0.0552519531922839,0.0727538925691166,48.4282145724136,57.947794635327,2.40846077967449,2.14136468133059,0.296617553992816,0.567089166847671,0.612568557627058,0.601157931026515,0.606577011217063,0.573199869820691
108,25,1980.48903,2006,0.0371439109011467,0.0382606213918024,28.0855924059048,37.7297068041665,1.72990025046201,1.67623174475451,0.612971666592455,0.683833741802702,0.638661402554518,0.625580782898565,0.62336930223481,0.610903997647979,0.043136999456845,0.0574280484317887,46.3288601042058,69.3592784827397,1.87317954182616,2.05266298154603,0.398201758730604,0.44263015232129,0.589944954989459,0.56415171600971,0.507985327455731,0.495098477732793,0.0552519531922839,0.0454749855824046,48.4282145724136,57.8474144288319,2.40846077967449,2.4354929988625,0.296617553992816,0.367763860768292,0.612568557627058,0.630188661232483,0.606577011217063,0.632686080228706
107,23,1971.52582,1989,0.0361841560347616,0.0387178914562832,27.5456867068612,16.3392621316942,1.73076705942457,1.58033265882753,0.580357072635866,0.552692457170996,0.627892387880015,0.679755799628242,0.604228321958556,0.650052402964624,0.0426223280893636,0.0455676004992615,42.9625219790272,44.5315275856224,1.9124359972424,1.87390957340306,0.398481413339896,0.396268543543148,0.598867085400379,0.630842712935976,0.521562044133487,0.630502491435892,0.0514062092362977,0.0686991772782614,45.7394265949061,55.693993173288,2.51539305856722,3.27827348968608,0.265676093054945,0.0905174540001706,0.613097934950584,0.613254711183683,0.610923058878486,0.623948544777958
106,26,1962.21213,1987,0.0358322703895535,0.0346871712510526,27.990483345472,26.5998200543953,1.68240377325687,1.86040985700319,0.566008168031337,0.534053488147466,0.613402218992953,0.632526779843252,0.60633161892384,0.619706584676854,0.0428243198579074,0.0340111708343651,44.9789121121999,26.821711318391,1.92948864566482,1.77881617717619,0.397409069783438,0.542559349442149,0.603730927874098,0.621913530077402,0.511419498189002,0.589516706971369,0.0510382628875911,0.0731940334629688,49.8410743461228,58.0517711340572,2.34161737772886,3.07600727240845,0.253077369525908,0.161611582997016,0.617034508799414,0.597746897492842,0.611112895886449,0.593770566854669
105,109,1957.66427,1961.84197,0.0368060520057948,0.036871157832405,28.3622039848619,28.8572272609786,1.68888611720845,1.68071766409274,0.573724233996512,0.580472306645463,0.608840242744216,0.613546121516994,0.612016595582776,0.602088310334408,0.043821366843358,0.0434754442203446,49.8919913327904,50.151184585023,1.94098572847673,1.90475896925865,0.396774576992944,0.392222795537085,0.599424892071902,0.597865561140671,0.526144709923784,0.53021223514731,0.0503768753959088,0.0487661244958632,48.9648560369952,49.3120281999446,2.36645617179071,2.44909032140075,0.27857517988998,0.261533312324522,0.617217391347063,0.619860107303613,0.608415034866561,0.607393771596583
109,110,1961.84197,1983.83224,0.036871157832405,0.0373725373546073,28.8572272609786,27.1160648764108,1.68071766409274,1.61156241652093,0.580472306645463,0.575333538652437,0.613546121516994,0.610719002856055,0.602088310334408,0.597699240141469,0.0434754442203446,0.0441139548619924,50.151184585023,47.4818078901198,1.90475896925865,1.94689547570922,0.392222795537085,0.600305077253664,0.597865561140671,0.567441128230336,0.53021223514731,0.526287839419662,0.0487661244958632,0.0448470966531454,49.3120281999446,48.2149727552543,2.44909032140075,2.08079412212103,0.261533312324522,0.366137687039333,0.619860107303613,0.628489721345073,0.607393771596583,0.602235304789991
110,111,1983.83224,1996.06213,0.0373725373546073,0.0378580895628648,27.1160648764108,24.0577984089356,1.61156241652093,1.61816118168403,0.575333538652437,0.607619454663905,0.610719002856055,0.606717343688964,0.597699240141469,0.607636989030326,0.0441139548619924,0.0428436319027395,47.4818078901198,49.1437575387234,1.94689547570922,2.04097833045631,0.600305077253664,0.648578645485617,0.567441128230336,0.573204509369366,0.526287839419662,0.506300034737172,0.0448470966531454,0.0420211422641929,48.2149727552543,47.3271172086948,2.08079412212103,2.42595981187087,0.366137687039333,0.265883847184573,0.628489721345073,0.624697544696885,0.602235304789991,0.612728158139902
111,16,1996.06213,2006,0.0378580895628648,0.0319711471760602,24.0577984089356,11.0353975722002,1.61816118168403,1.69186439563787,0.607619454663905,0.728578396928,0.606717343688964,0.62148044544821,0.607636989030326,0.613746405624481,0.0428436319027395,0.0388133111633878,49.1437575387234,39.6619276522759,2.04097833045631,1.83754081849925,0.648578645485617,0.617673491884545,0.573204509369366,0.530339446654277,0.506300034737172,0.442709732626249,0.0420211422641929,0.0319303447304872,47.3271172086948,40.8180989604684,2.42595981187087,2.08362472451691,0.265883847184573,0.341969691132593,0.624697544696885,0.619231153600888,0.612728158139902,0.611651134416021
111,17,1996.06213,2007,0.0378580895628648,0.0333661782903752,24.0577984089356,8.48066097621881,1.61816118168403,1.45832649920948,0.607619454663905,0.682700351949598,0.606717343688964,0.619192330813602,0.607636989030326,0.623257683026561,0.0428436319027395,0.0316084369195594,49.1437575387234,16.4096710335853,2.04097833045631,1.39317030130222,0.648578645485617,0.736651676112016,0.573204509369366,0.599359988987538,0.506300034737172,0.568671643508534,0.0420211422641929,0.026225546502136,47.3271172086948,27.1034653164725,2.42595981187087,1.63168506621064,0.265883847184573,0.610887796035728,0.624697544696885,0.618598889958991,0.612728158139902,0.601505374992935
110,112,1983.83224,1996.16383,0.0373725373546073,0.0375463386090443,27.1160648764108,30.7675231886545,1.61156241652093,1.61363005253818,0.575333538652437,0.578654399442386,0.610719002856055,0.615379932179996,0.597699240141469,0.594731876624796,0.0441139548619924,0.0451727050480643,47.4818078901198,46.3271186354086,1.94689547570922,1.97898552245873,0.600305077253664,0.617708493111451,0.567441128230336,0.545785005410182,0.526287839419662,0.491788368883775,0.0448470966531454,0.0426150532972247,48.2149727552543,50.1575262444363,2.08079412212103,1.93830754719655,0.366137687039333,0.404313282130527,0.628489721345073,0.625165689287345,0.602235304789991,0.610415389138871
112,14,1996.16383,2006,0.0375463386090443,0.0383345531521102,30.7675231886545,38.2252534811218,1.61363005253818,1.65336036087512,0.578654399442386,0.516825090259421,0.615379932179996,0.634598416708403,0.594731876624796,0.618954906732501,0.0451727050480643,0.0533435119620543,46.3271186354086,69.3215829563001,1.97898552245873,2.02479114212364,0.617708493111451,0.612345762022959,0.545785005410182,0.525759348710509,0.491788368883775,0.420077610306829,0.0426150532972247,0.0408230363923388,50.1575262444363,45.1955571329143,1.93830754719655,1.745955807694,0.404313282130527,0.490308788165912,0.625165689287345,0.634928014497706,0.610415389138871,0.624797052697379
112,15,1996.16383,2006,0.0375463386090443,0.0315209822183592,30.7675231886545,24.3429987876695,1.61363005253818,1.49774638352933,0.578654399442386,0.542971047891746,0.615379932179996,0.632928813299368,0.594731876624796,0.619948653414223,0.0451727050480643,0.0450906381185003,46.3271186354086,64.9242233953601,1.97898552245873,1.59545499378163,0.617708493111451,0.742195364830002,0.545785005410182,0.523647071388573,0.491788368883775,0.409011871406693,0.0426150532972247,0.035209234583779,50.1575262444363,54.0730069596549,1.93830754719655,1.7763784565311,0.404313282130527,0.384882035188938,0.625165689287345,0.62408386904882,0.610415389138871,0.615860738682475
109,113,1961.84197,1974.64555,0.036871157832405,0.0371143843370037,28.8572272609786,30.196121626673,1.68071766409274,1.62849795773186,0.580472306645463,0.588604208221993,0.613546121516994,0.599255918179661,0.602088310334408,0.596191548839731,0.0434754442203446,0.0467457608238127,50.151184585023,50.4435053956135,1.90475896925865,1.9002260001347,0.392222795537085,0.341931583812677,0.597865561140671,0.599835293537678,0.53021223514731,0.53791195519047,0.0487661244958632,0.0509404728029026,49.3120281999446,51.0924272103584,2.44909032140075,2.84846972317017,0.261533312324522,0.213941303690704,0.619860107303613,0.616755473270027,0.607393771596583,0.60537927067047
113,114,1974.64555,1987.92021,0.0371143843370037,0.0367175891056794,30.196121626673,29.9245859181618,1.62849795773186,1.61575138682878,0.588604208221993,0.607051167289514,0.599255918179661,0.600382047048237,0.596191548839731,0.575268903828835,0.0467457608238127,0.0491024210803451,50.4435053956135,60.8593101608014,1.9002260001347,1.93914599868551,0.341931583812677,0.334573452338956,0.599835293537678,0.603535015583489,0.53791195519047,0.579586134089029,0.0509404728029026,0.0539133304401839,51.0924272103584,46.9322106787531,2.84846972317017,2.54326229751451,0.213941303690704,0.202779970670485,0.616755473270027,0.62251083945971,0.60537927067047,0.608427364356527
114,18,1987.92021,2006,0.0367175891056794,0.0366135652857883,29.9245859181618,34.1920899800571,1.61575138682878,1.61922393471936,0.607051167289514,0.572059109475217,0.600382047048237,0.633251444594952,0.575268903828835,0.624690831519402,0.0491024210803451,0.0479488547634379,60.8593101608014,59.9601826163122,1.93914599868551,1.74360004171402,0.334573452338956,0.458516695435832,0.603535015583489,0.598330826356692,0.579586134089029,0.574022852735177,0.0539133304401839,0.0450358776673104,46.9322106787531,60.2763707070545,2.54326229751451,1.97205613709673,0.202779970670485,0.256760085975756,0.62251083945971,0.6373034633011,0.608427364356527,0.66563014597914
114,19,1987.92021,1989,0.0367175891056794,0.033568636183461,29.9245859181618,17.2038045280598,1.61575138682878,3.09208737002886,0.607051167289514,0.646837960541071,0.600382047048237,0.607979269817488,0.575268903828835,0.587299216348619,0.0491024210803451,0.0476331714162515,60.8593101608014,38.9933466456031,1.93914599868551,1.96572425303096,0.334573452338956,0.295047593944019,0.603535015583489,0.615877560490999,0.579586134089029,0.573999453904867,0.0539133304401839,0.0541449764835827,46.9322106787531,44.2916227793731,2.54326229751451,3.0855440616477,0.202779970670485,0.145199860126561,0.62251083945971,0.61264108234443,0.608427364356527,0.5850854997171
113,115,1974.64555,1975.23703,0.0371143843370037,0.0371458354914336,30.196121626673,30.0240906487081,1.62849795773186,1.62377090403237,0.588604208221993,0.589252482951966,0.599255918179661,0.602179320363087,0.596191548839731,0.598337922124172,0.0467457608238127,0.0466702250757,50.4435053956135,49.0834558916017,1.9002260001347,1.90073715815756,0.341931583812677,0.340179069052057,0.599835293537678,0.599575182572711,0.53791195519047,0.534805576058077,0.0509404728029026,0.0531966471410754,51.0924272103584,50.1031494426414,2.84846972317017,2.80229753160931,0.213941303690704,0.218004306787835,0.616755473270027,0.618369806528761,0.60537927067047,0.606012582812701
115,116,1975.23703,1976.62234,0.0371458354914336,0.0373401819365868,30.0240906487081,29.4658484906091,1.62377090403237,1.63198356318711,0.589252482951966,0.597656147709814,0.602179320363087,0.597700176865759,0.598337922124172,0.603950588469989,0.0466702250757,0.0462608720118386,49.0834558916017,50.0778229436841,1.90073715815756,1.90518616536291,0.340179069052057,0.338856678602605,0.599575182572711,0.601253591304627,0.534805576058077,0.543682688299187,0.0531966471410754,0.0538502704817955,50.1031494426414,49.319314884892,2.80229753160931,2.77008692086103,0.218004306787835,0.211995925999243,0.618369806528761,0.618127246189314,0.606012582812701,0.607035582206152
116,20,1976.62234,1979,0.0373401819365868,0.0479895865189456,29.4658484906091,30.3542910057265,1.63198356318711,1.56570927328397,0.597656147709814,0.510953719938238,0.597700176865759,0.592003821318631,0.603950588469989,0.578751254036861,0.0462608720118386,0.0481188879116015,50.0778229436841,50.0108290966009,1.90518616536291,2.01410379788159,0.338856678602605,0.432289972061544,0.601253591304627,0.604505169288577,0.543682688299187,0.572274421136943,0.0538502704817955,0.0563360700621117,49.319314884892,54.7857928811309,2.77008692086103,2.9438190703334,0.211995925999243,0.0873459060094481,0.618127246189314,0.588025851057672,0.607035582206152,0.619989603185525
116,21,1976.62234,1979,0.0373401819365868,0.0484862889447536,29.4658484906091,32.0044142936898,1.63198356318711,1.4156506422339,0.597656147709814,0.538832513654991,0.597700176865759,0.60397362488431,0.603950588469989,0.578644315755698,0.0462608720118386,0.0460102901991974,50.0778229436841,45.4001198072013,1.90518616536291,1.95322212697392,0.338856678602605,0.240949617275887,0.601253591304627,0.602980729962501,0.543682688299187,0.561442304632195,0.0538502704817955,0.0509025019673622,49.319314884892,52.7176929603415,2.77008692086103,3.71045826916773,0.211995925999243,0.304264055581168,0.618127246189314,0.619835326866532,0.607035582206152,0.601920419635039
115,22,1975.23703,1979,0.0371458354914336,0.0467818074589586,30.0240906487081,15.7657649975509,1.62377090403237,1.4849051182009,0.589252482951966,0.599715081353405,0.602179320363087,0.5921453264276,0.598337922124172,0.572527749729298,0.0466702250757,0.0384712437730306,49.0834558916017,36.7362394929057,1.90073715815756,1.54589031394187,0.340179069052057,0.588453525738103,0.599575182572711,0.601852207569781,0.534805576058077,0.538498264321163,0.0531966471410754,0.0540674013571446,50.1031494426414,49.9965860781311,2.80229753160931,1.69018907387973,0.218004306787835,0.181027064821222,0.618369806528761,0.614662396133227,0.606012582812701,0.614520152785089
104,117,1955.74323,1997.00996,0.0368513391658154,0.0343838681986602,27.055164007453,26.4231081228478,1.69834256544173,1.57108539971329,0.557788480916487,0.53560728537625,0.602409298878401,0.611880136555352,0.609874611142625,0.64150009067286,0.044324291166129,0.049118548587054,45.4197747538698,52.8891619134101,1.94146966383444,1.85988061955017,0.393451227902373,0.59798204559744,0.599915169186302,0.570836633002601,0.535292486387459,0.468214883585586,0.0516633269347441,0.0472418662197109,48.4680263019678,54.4133645222969,2.46295351319262,2.17415703588519,0.270652758688881,0.456507840354407,0.618113153124294,0.621950304850933,0.612460971577104,0.608627874595169
117,12,1997.00996,2007,0.0343838681986602,0.0346208903006745,26.4231081228478,20.8544476360308,1.57108539971329,1.84394970089158,0.53560728537625,0.597148912241539,0.611880136555352,0.630010617770203,0.64150009067286,0.626324154195808,0.049118548587054,0.0452539961334623,52.8891619134101,54.160603513093,1.85988061955017,1.74992043839463,0.59798204559744,0.523356731830414,0.570836633002601,0.534343452283377,0.468214883585586,0.434210355030262,0.0472418662197109,0.0365484523890256,54.4133645222969,50.2022402249914,2.17415703588519,2.08881553278436,0.456507840354407,0.386754027464558,0.621950304850933,0.635016649192277,0.608627874595169,0.615369310219603
117,13,1997.00996,2006,0.0343838681986602,0.0314877996704909,26.4231081228478,24.2073247735291,1.57108539971329,1.47408153099175,0.53560728537625,0.558209426110411,0.611880136555352,0.631290947734364,0.64150009067286,0.612766270045887,0.049118548587054,0.0463765256702188,52.8891619134101,58.7104938597887,1.85988061955017,1.75559150723502,0.59798204559744,0.5767972305998,0.570836633002601,0.536598270997627,0.468214883585586,0.450440339838844,0.0472418662197109,0.0378930982267969,54.4133645222969,55.3808585402057,2.17415703588519,2.46844937878165,0.456507840354407,0.386522984504084,0.621950304850933,0.618975393960316,0.608627874595169,0.597678210290391
99,118,1942.25854,1960.49567,0.0370136877764503,0.0361942944003944,29.704410229961,29.2060983961388,1.71538681820625,1.66422578781557,0.539246056746927,0.513895009791552,0.596675667909196,0.612483636195586,0.596420897419031,0.586579121646369,0.0445385161127598,0.0427375860251979,46.7645037852094,46.2455591584173,1.91809950126452,1.97127007979715,0.394540218906277,0.426615814319252,0.608478998781685,0.580648853479385,0.549793905766904,0.592581606347469,0.0543088259910706,0.057592579221671,53.6042058599661,55.6248546589442,2.55448893785342,3.12225456206678,0.244517529888468,0.16002821438409,0.610895158685276,0.61873020707468,0.611234336858794,0.610136152735297
118,7,1960.49567,1979,0.0361942944003944,0.0418056808754769,29.2060983961388,38.8916100702008,1.66422578781557,1.46820066571715,0.513895009791552,0.522586707402915,0.612483636195586,0.593048214513897,0.586579121646369,0.60569401618443,0.0427375860251979,0.0476193771475632,46.2455591584173,49.4638010467903,1.97127007979715,1.48185672402316,0.426615814319252,0.364736506156065,0.580648853479385,0.6259028037961,0.592581606347469,0.594566583445991,0.057592579221671,0.0572297539394318,55.6248546589442,53.214741767387,3.12225456206678,2.40151110183881,0.16002821438409,0.1443946698675,0.61873020707468,0.602840753034015,0.610136152735297,0.57875822608984
118,119,1960.49567,1972.47459,0.0361942944003944,0.035802109036007,29.2060983961388,30.2917634118879,1.66422578781557,1.27588669371433,0.513895009791552,0.501150214994607,0.612483636195586,0.601757340717844,0.586579121646369,0.572539514399517,0.0427375860251979,0.0432974783894879,46.2455591584173,45.8273663193292,1.97127007979715,1.91503988520537,0.426615814319252,0.45645410832055,0.580648853479385,0.589021430408646,0.592581606347469,0.596264426398365,0.057592579221671,0.0601911246560065,55.6248546589442,54.973043805671,3.12225456206678,3.05792842293823,0.16002821438409,0.113301203065154,0.61873020707468,0.617170666417726,0.610136152735297,0.607300573766558
119,6,1972.47459,1979,0.035802109036007,0.0481055973801998,30.2917634118879,29.4289654803362,1.27588669371433,1.34096413129839,0.501150214994607,0.56602401714818,0.601757340717844,0.591097527595478,0.572539514399517,0.543648898416012,0.0432974783894879,0.0429789076006307,45.8273663193292,36.0119002063648,1.91503988520537,1.72505448156966,0.45645410832055,0.47216590505433,0.589021430408646,0.598003289537329,0.596264426398365,0.529118729935452,0.0601911246560065,0.063719222087205,54.973043805671,55.2545687404346,3.05792842293823,3.257494643937,0.113301203065154,0.0878947191610494,0.617170666417726,0.597350324882945,0.607300573766558,0.591970427395804
119,5,1972.47459,1989,0.035802109036007,0.0323044266587034,30.2917634118879,50.3300193543225,1.27588669371433,1.31571027344623,0.501150214994607,0.515197288869779,0.601757340717844,0.689935393025057,0.572539514399517,0.483538867645657,0.0432974783894879,0.0417441678072251,45.8273663193292,41.5731257657045,1.91503988520537,2.1195425915383,0.45645410832055,0.408837506783955,0.589021430408646,0.612719750581234,0.596264426398365,0.584548623519495,0.0601911246560065,0.0705113734118296,54.973043805671,50.1259704133429,3.05792842293823,4.29145746476259,0.113301203065154,0.0548421843027782,0.617170666417726,0.599689318637591,0.607300573766558,0.633201871680618
